finding_id,title,analysis_unit,n,claim,evidence,boundary,status
F01,市场结果与反讽持续推动否定评价,评论,16533,在历史v1全量标签中，招聘收入与市场结果、反讽或梗均与否定评价稳定正相关；这一方向在API、browser以及排除头部笔记后保持一致。,"市场结果OR=2.08，95%CI [1.77, 2.44]；反讽OR=3.46，95%CI [2.83, 4.23]。v2裁决样本中二者否定率分别为59.3%与45.8%。",全量模型依赖v1标签；效应可表述为稳定关联，不能表述为因果裁决。,可写入正文（附边界）
F02,身份情感更多连接认可，而公共价值具有双向争夺,评论,16533,身份情感与否定评价负相关、与认可评价正相关；公共价值同时提高认可概率，但其否定方向对来源和头部笔记较敏感。,身份情感否定OR=1.30，认可OR=2.25；公共价值认可OR=1.53。v2样本公共价值否定率为65.1%。,公共价值不能简单归入正面或负面框架，更适合写成合法性争夺场域。,可写入正文（附边界）
F03,作者身份没有形成稳定的价值转译优势,回复关系,1010,在仅使用逐条Agent裁决关系时，作者回复与普通用户回复的价值转译概率几乎没有差异；只有纳入大量混合标签后效应才上升。,"逐条裁决口径作者OR=1.04，95%CI [0.49, 2.20]；逐条裁决＋高置信OR=1.69；全量混合OR=2.38。",应删除“作者回复被平台惩罚”与“作者天然更会转译价值”的表述；可以讨论作者回应仍多停留于直接答复。,可写入正文（附边界）
F04,专业性的可见性悖论 可替代技能占据前台，核心能力失去教育归属,显性能力提及,1959,人工智能替代判断集中于写作、剪辑和平台运营等可见前台技能。采访、核查、社会解释和伦理判断仍被需要，却很少被明确归属于新闻传播教育。专业危机表现为可替代技能占据前台，核心能力失去教育归属。,前台技能1467个，明确属性52个，明确率3.54%。高阶能力492个，明确属性5个，明确率1.02%。前台技能形成明确属性判断的优势比为3.58，Fisher p=0.0028。9个可由AI替代判断全部位于前台技能。,显性属性样本较少，不能估计总体AI替代率，也不能声称高阶能力已形成稳定专业共识。,可写入正文（附边界）
F05,公共价值和专业知识更容易获得点赞可见性，但来源偏差极强,评论,21779,控制对象、来源、层级和文本长度后，公共价值、专业知识与反讽表达更容易至少获得一次点赞；browser来源的可见性显著更高。,公共价值获赞OR=2.07；专业知识OR=1.47；反讽OR=1.66；browser来源OR=1.79。正值点赞模型中browser IRR=22.89。,点赞是可见互动，不等同于态度认同；browser样本本身偏向高赞评论。,可写入正文（附边界）
F06,作者回复的低点赞现象在控制后不成立,评论,21779,控制评论层级、来源、文本和内容标签后，笔记作者身份及其与回复层级的交互均不显著。,"作者身份获赞OR=1.12，95%CI [0.72, 1.74]；作者×回复交互OR=0.70。",不得写“平台惩罚作者回复”或“学院话语被算法压制”。,可写入正文（附边界）
F07,评论区存在可识别的就业吸附,笔记,696,在笔记与评论共享的七类可解释框架空间中，评论区的就业职业权重平均高于笔记端。,"就业吸附系数均值=0.135，笔记层Bootstrap 95%CI [0.111, 0.159]；平均总变差=0.419。",这是词典投射下的框架变化，不等同于因果意义上的平台转译，也不替代主题模型。,可写入正文（附边界）
F08,搜索排名显著塑造最终样本,搜索命中—笔记,9825,搜索结果排名越靠后，笔记进入分析库的概率越低；不同关键词类别的纳入概率也不相同。,"排名对纳入概率OR=0.466，95%CI [0.442, 0.491]。",样本不能外推为全部小红书内容或公众意见；方法部分必须完整报告采样谱系。,可写入正文（附边界）
F09,同题异判：新闻传播教育合法性的多尺度争议与证据断裂,评论网络与回复关系,2253,参与者对专业价值与职业前景构成争议中心形成对象共识，却在市场结果、经验、身份、知识、公共价值和AI等尺度上分裂；回复延续同一对象但频繁切换依据，跨层价值转译较少。,"专业与职业出现7,510和6,915次，方向熵0.994与0.987；标签完整关系中对象重合75.3%、任一依据重合49.0%、第一依据一致24.6%；方向同配系数0.144；逐条Agent裁决关系转译率13.1%。","对象—依据网络使用历史v1全量标签；重合率基于1,575条双方标签完整关系；不能外推总体或解释为机构普遍传播失效。",建议作为第四项核心发现
